barcode,code,YearWeek
TestProcessEligibleChannel2_0,98EX,TestProcessEligibleChannel2_0
TestProcessEligibleChannel2_0,98EX,TestProcessEligibleChannel2_0
TestProcessEligibleChannel2_0,X4EN,TestProcessEligibleChannel2_0
TestProcessEligibleChannel2_0,DEMT,TestProcessEligibleChannel2_0
TestProcessEligibleChannel2_0,RDRM,TestProcessEligibleChannel2_0
TestProcessEligibleChannel2_0,VEHZ,TestProcessEligibleChannel2_0
TestProcessEligibleChannel2_0,2NGQ,TestProcessEligibleChannel2_0
TestProcessEligibleChannel2_0,HJQK,TestProcessEligibleChannel2_0
TestProcessEligibleChannel2_0,QQW2,TestProcessEligibleChannel2_0
TestProcessEligibleChannel2_0,WDT3,TestProcessEligibleChannel2_0
TestProcessEligibleChannel2_0,7LXC,TestProcessEligibleChannel2_0
TestProcessEligibleChannel2_0,8EKW,TestProcessEligibleChannel2_0
TestProcessEligibleChannel2_0,P7AF,TestProcessEligibleChannel2_0
TestProcessEligibleChannel2_0,TVK9,TestProcessEligibleChannel2_0
TestProcessEligibleChannel2_0,9T3W,TestProcessEligibleChannel2_0
TestProcessEligibleChannel2_0,8B37,TestProcessEligibleChannel2_0
TestProcessEligibleChannel2_0,G6R7,TestProcessEligibleChannel2_0
TestProcessEligibleChannel2_0,FWGC,TestProcessEligibleChannel2_0
TestProcessEligibleChannel2_0,HKJK,TestProcessEligibleChannel2_0
TestProcessEligibleChannel2_0,ZM2M,TestProcessEligibleChannel2_0
TestProcessEligibleChannel2_0,DF8W,TestProcessEligibleChannel2_0
TestProcessEligibleChannel2_0,YHC6,TestProcessEligibleChannel2_0
TestProcessEligibleChannel2_0,9NZP,TestProcessEligibleChannel2_0
TestProcessEligibleChannel2_0,GNQE,TestProcessEligibleChannel2_0
TestProcessEligibleChannel2_0,PVQ8,TestProcessEligibleChannel2_0
TestProcessEligibleChannel2_0,WQ4L,TestProcessEligibleChannel2_0
TestProcessEligibleChannel2_0,B3ZT,TestProcessEligibleChannel2_0
TestProcessEligibleChannel2_0,RP4B,TestProcessEligibleChannel2_0
TestProcessEligibleChannel2_0,EZQF,TestProcessEligibleChannel2_0
TestProcessEligibleChannel2_0,4M2J,TestProcessEligibleChannel2_0
TestProcessEligibleChannel2_0,93HM,TestProcessEligibleChannel2_0
TestProcessEligibleChannel2_0,9L77,TestProcessEligibleChannel2_0
TestProcessEligibleChannel2_0,VVH7,TestProcessEligibleChannel2_0
TestProcessEligibleChannel2_0,GQZK,TestProcessEligibleChannel2_0
TestProcessEligibleChannel2_0,4LTL,TestProcessEligibleChannel2_0
TestProcessEligibleChannel2_0,NBX3,TestProcessEligibleChannel2_0
TestProcessEligibleChannel2_0,4X9A,TestProcessEligibleChannel2_0
TestProcessEligibleChannel2_0,Y9QC,TestProcessEligibleChannel2_0
TestProcessEligibleChannel2_0,2PZY,TestProcessEligibleChannel2_0
TestProcessEligibleChannel2_0,Z68J,TestProcessEligibleChannel2_0
TestProcessEligibleChannel2_0,3Y3E,TestProcessEligibleChannel2_0
TestProcessEligibleChannel2_0,TAJM,TestProcessEligibleChannel2_0
TestProcessEligibleChannel2_0,NWJZ,TestProcessEligibleChannel2_0
TestProcessEligibleChannel2_0,CQNJ,TestProcessEligibleChannel2_0
TestProcessEligibleChannel2_0,ZDYC,TestProcessEligibleChannel2_0
TestProcessEligibleChannel2_0,44K3,TestProcessEligibleChannel2_0
TestProcessEligibleChannel2_0,LGX6,TestProcessEligibleChannel2_0
TestProcessEligibleChannel2_0,T2GA,TestProcessEligibleChannel2_0
TestProcessEligibleChannel2_0,LNLX,TestProcessEligibleChannel2_0
TestProcessEligibleChannel2_0,HVQV,TestProcessEligibleChannel2_0
TestProcessEligibleChannel2_0,QMJV,TestProcessEligibleChannel2_0
TestProcessEligibleChannel2_0,VRKH,TestProcessEligibleChannel2_0
TestProcessEligibleChannel2_0,ACBN,TestProcessEligibleChannel2_0
TestProcessEligibleChannel2_0,TDBF,TestProcessEligibleChannel2_0
TestProcessEligibleChannel2_0,N6MT,TestProcessEligibleChannel2_0
TestProcessEligibleChannel2_0,QWDD,TestProcessEligibleChannel2_0
TestProcessEligibleChannel2_0,BXLM,TestProcessEligibleChannel2_0
TestProcessEligibleChannel2_0,2Z8K,TestProcessEligibleChannel2_0
TestProcessEligibleChannel2_0,KFGY,TestProcessEligibleChannel2_0
TestProcessEligibleChannel2_0,Z4NA,TestProcessEligibleChannel2_0
TestProcessEligibleChannel2_0,RVH2,TestProcessEligibleChannel2_0
TestProcessEligibleChannel2_0,YFBZ,TestProcessEligibleChannel2_0
TestProcessEligibleChannel2_0,2JBJ,TestProcessEligibleChannel2_0
TestProcessEligibleChannel2_0,2MFH,TestProcessEligibleChannel2_0
TestProcessEligibleChannel2_0,R3NX,TestProcessEligibleChannel2_0
TestProcessEligibleChannel2_0,GZGH,TestProcessEligibleChannel2_0
TestProcessEligibleChannel2_0,2JY3,TestProcessEligibleChannel2_0
TestProcessEligibleChannel2_0,KHGK,TestProcessEligibleChannel2_0
TestProcessEligibleChannel2_0,36V6,TestProcessEligibleChannel2_0
TestProcessEligibleChannel2_0,WFHX,TestProcessEligibleChannel2_0
TestProcessEligibleChannel2_0,KL7V,TestProcessEligibleChannel2_0
TestProcessEligibleChannel2_0,RHC8,TestProcessEligibleChannel2_0
TestProcessEligibleChannel2_0,79HW,TestProcessEligibleChannel2_0
TestProcessEligibleChannel2_0,D998,TestProcessEligibleChannel2_0
TestProcessEligibleChannel2_0,LL7W,TestProcessEligibleChannel2_0
TestProcessEligibleChannel2_0,LT33,TestProcessEligibleChannel2_0
TestProcessEligibleChannel2_0,CNF6,TestProcessEligibleChannel2_0
TestProcessEligibleChannel2_0,BNWW,TestProcessEligibleChannel2_0
TestProcessEligibleChannel2_0,N8Y4,TestProcessEligibleChannel2_0
TestProcessEligibleChannel2_0,KJLM,TestProcessEligibleChannel2_0
TestProcessEligibleChannel2_0,69EC,TestProcessEligibleChannel2_0
TestProcessEligibleChannel2_0,NQVZ,TestProcessEligibleChannel2_0
TestProcessEligibleChannel2_0,FME9,TestProcessEligibleChannel2_0
TestProcessEligibleChannel2_0,8FEH,TestProcessEligibleChannel2_0
TestProcessEligibleChannel2_0,478T,TestProcessEligibleChannel2_0
TestProcessEligibleChannel2_0,42JE,TestProcessEligibleChannel2_0
TestProcessEligibleChannel2_0,3AKM,TestProcessEligibleChannel2_0
TestProcessEligibleChannel2_0,DCYQ,TestProcessEligibleChannel2_0
TestProcessEligibleChannel2_0,9E3Y,TestProcessEligibleChannel2_0
TestProcessEligibleChannel2_0,P7A7,TestProcessEligibleChannel2_0
TestProcessEligibleChannel2_0,QBWA,TestProcessEligibleChannel2_0
TestProcessEligibleChannel2_0,HFVA,TestProcessEligibleChannel2_0
TestProcessEligibleChannel2_0,36KK,TestProcessEligibleChannel2_0
TestProcessEligibleChannel2_0,89CG,TestProcessEligibleChannel2_0
TestProcessEligibleChannel2_0,3QQ9,TestProcessEligibleChannel2_0
TestProcessEligibleChannel2_0,HKEZ,TestProcessEligibleChannel2_0
TestProcessEligibleChannel2_0,6ECZ,TestProcessEligibleChannel2_0
TestProcessEligibleChannel2_0,XJBD,TestProcessEligibleChannel2_0
TestProcessEligibleChannel2_0,FVAB,TestProcessEligibleChannel2_0
TestProcessEligibleChannel2_0,37QX,TestProcessEligibleChannel2_0
TestProcessEligibleChannel2_0,7EBX,TestProcessEligibleChannel2_0
TestProcessEligibleChannel2_0,8PXX,TestProcessEligibleChannel2_0
TestProcessEligibleChannel2_0,LHFK,TestProcessEligibleChannel2_0
TestProcessEligibleChannel2_0,92VE,TestProcessEligibleChannel2_0
TestProcessEligibleChannel2_0,F4FR,TestProcessEligibleChannel2_0
TestProcessEligibleChannel2_0,CXXT,TestProcessEligibleChannel2_0
TestProcessEligibleChannel2_0,YXP2,TestProcessEligibleChannel2_0
TestProcessEligibleChannel2_0,86LM,TestProcessEligibleChannel2_0
TestProcessEligibleChannel2_0,PFND,TestProcessEligibleChannel2_0
TestProcessEligibleChannel2_0,2MFD,TestProcessEligibleChannel2_0
TestProcessEligibleChannel2_0,M2JY,TestProcessEligibleChannel2_0
TestProcessEligibleChannel2_0,K8FL,TestProcessEligibleChannel2_0
TestProcessEligibleChannel2_0,VYB4,TestProcessEligibleChannel2_0
TestProcessEligibleChannel2_0,JGH8,TestProcessEligibleChannel2_0
TestProcessEligibleChannel2_0,39HF,TestProcessEligibleChannel2_0
TestProcessEligibleChannel2_0,JPGZ,TestProcessEligibleChannel2_0
TestProcessEligibleChannel2_0,P4GM,TestProcessEligibleChannel2_0
TestProcessEligibleChannel2_0,WDJM,TestProcessEligibleChannel2_0
TestProcessEligibleChannel2_0,NGGX,TestProcessEligibleChannel2_0
TestProcessEligibleChannel2_0,NK6Q,TestProcessEligibleChannel2_0
TestProcessEligibleChannel2_0,J9WZ,TestProcessEligibleChannel2_0
TestProcessEligibleChannel2_0,X7PJ,TestProcessEligibleChannel2_0
TestProcessEligibleChannel2_0,MH3A,TestProcessEligibleChannel2_0
TestProcessEligibleChannel2_0,83AP,TestProcessEligibleChannel2_0
TestProcessEligibleChannel2_0,79L6,TestProcessEligibleChannel2_0
TestProcessEligibleChannel2_0,ZH3L,TestProcessEligibleChannel2_0
TestProcessEligibleChannel2_0,DLQ4,TestProcessEligibleChannel2_0
TestProcessEligibleChannel2_0,VFN7,TestProcessEligibleChannel2_0
TestProcessEligibleChannel2_0,J9W2,TestProcessEligibleChannel2_0
TestProcessEligibleChannel2_0,TMKB,TestProcessEligibleChannel2_0
TestProcessEligibleChannel2_0,DNE4,TestProcessEligibleChannel2_0
TestProcessEligibleChannel2_0,XA8B,TestProcessEligibleChannel2_0
TestProcessEligibleChannel2_0,P33Y,TestProcessEligibleChannel2_0
TestProcessEligibleChannel2_0,8MTW,TestProcessEligibleChannel2_0
TestProcessEligibleChannel2_0,VQT3,TestProcessEligibleChannel2_0
TestProcessEligibleChannel2_0,VKWQ,TestProcessEligibleChannel2_0
TestProcessEligibleChannel2_0,E8FH,TestProcessEligibleChannel2_0
TestProcessEligibleChannel2_0,QMJ6,TestProcessEligibleChannel2_0
TestProcessEligibleChannel2_0,ZNK8,TestProcessEligibleChannel2_0
TestProcessEligibleChannel2_0,AB7V,TestProcessEligibleChannel2_0
TestProcessEligibleChannel2_0,RB4D,TestProcessEligibleChannel2_0
TestProcessEligibleChannel2_0,AYHZ,TestProcessEligibleChannel2_0
TestProcessEligibleChannel2_0,X83X,TestProcessEligibleChannel2_0
TestProcessEligibleChannel2_0,JHCT,TestProcessEligibleChannel2_0
TestProcessEligibleChannel2_0,29W4,TestProcessEligibleChannel2_0
TestProcessEligibleChannel2_0,KEBF,TestProcessEligibleChannel2_0
TestProcessEligibleChannel2_0,3LX2,TestProcessEligibleChannel2_0
TestProcessEligibleChannel2_0,QBGL,TestProcessEligibleChannel2_0
TestProcessEligibleChannel2_0,QJN4,TestProcessEligibleChannel2_0
TestProcessEligibleChannel2_0,24VX,TestProcessEligibleChannel2_0
TestProcessEligibleChannel2_0,MQKL,TestProcessEligibleChannel2_0
TestProcessEligibleChannel2_0,RD8W,TestProcessEligibleChannel2_0
TestProcessEligibleChannel2_0,4AJV,TestProcessEligibleChannel2_0
TestProcessEligibleChannel2_0,Y789,TestProcessEligibleChannel2_0
TestProcessEligibleChannel2_0,2M2G,TestProcessEligibleChannel2_0
TestProcessEligibleChannel2_0,3H8Y,TestProcessEligibleChannel2_0
TestProcessEligibleChannel2_0,C4MY,TestProcessEligibleChannel2_0
TestProcessEligibleChannel2_0,RK7V,TestProcessEligibleChannel2_0
TestProcessEligibleChannel2_0,M4VJ,TestProcessEligibleChannel2_0
TestProcessEligibleChannel2_0,HPHQ,TestProcessEligibleChannel2_0
TestProcessEligibleChannel2_0,7T76,TestProcessEligibleChannel2_0
TestProcessEligibleChannel2_0,YQCQ,TestProcessEligibleChannel2_0
TestProcessEligibleChannel2_0,HNKE,TestProcessEligibleChannel2_0
TestProcessEligibleChannel2_0,4MXM,TestProcessEligibleChannel2_0
TestProcessEligibleChannel2_0,YNJV,TestProcessEligibleChannel2_0
TestProcessEligibleChannel2_0,23TF,TestProcessEligibleChannel2_0
TestProcessEligibleChannel2_0,WC7A,TestProcessEligibleChannel2_0
TestProcessEligibleChannel2_0,ZMAQ,TestProcessEligibleChannel2_0
TestProcessEligibleChannel2_0,W3R8,TestProcessEligibleChannel2_0
TestProcessEligibleChannel2_0,N899,TestProcessEligibleChannel2_0
TestProcessEligibleChannel2_0,HAC7,TestProcessEligibleChannel2_0
TestProcessEligibleChannel2_0,7P63,TestProcessEligibleChannel2_0
TestProcessEligibleChannel2_0,7CWJ,TestProcessEligibleChannel2_0
TestProcessEligibleChannel2_0,MF43,TestProcessEligibleChannel2_0
TestProcessEligibleChannel2_0,JLNY,TestProcessEligibleChannel2_0
TestProcessEligibleChannel2_0,QV3H,TestProcessEligibleChannel2_0
TestProcessEligibleChannel2_0,L4VH,TestProcessEligibleChannel2_0
TestProcessEligibleChannel2_0,CQDA,TestProcessEligibleChannel2_0
TestProcessEligibleChannel2_0,4QXA,TestProcessEligibleChannel2_0
TestProcessEligibleChannel2_0,PCEE,TestProcessEligibleChannel2_0
TestProcessEligibleChannel2_0,QFNE,TestProcessEligibleChannel2_0
TestProcessEligibleChannel2_0,G2DW,TestProcessEligibleChannel2_0
TestProcessEligibleChannel2_0,BKDE,TestProcessEligibleChannel2_0
TestProcessEligibleChannel2_0,F8LL,TestProcessEligibleChannel2_0
TestProcessEligibleChannel2_0,VRWZ,TestProcessEligibleChannel2_0
TestProcessEligibleChannel2_0,DGBL,TestProcessEligibleChannel2_0
TestProcessEligibleChannel2_0,MAFV,TestProcessEligibleChannel2_0
TestProcessEligibleChannel2_0,23A9,TestProcessEligibleChannel2_0
TestProcessEligibleChannel2_0,K6PV,TestProcessEligibleChannel2_0
TestProcessEligibleChannel2_0,WMPM,TestProcessEligibleChannel2_0
TestProcessEligibleChannel2_0,RFKF,TestProcessEligibleChannel2_0
TestProcessEligibleChannel2_0,F6KQ,TestProcessEligibleChannel2_0
TestProcessEligibleChannel2_0,NHKC,TestProcessEligibleChannel2_0
TestProcessEligibleChannel2_0,NVWP,TestProcessEligibleChannel2_0
TestProcessEligibleChannel2_0,H4HG,TestProcessEligibleChannel2_0
TestProcessEligibleChannel2_0,23GM,TestProcessEligibleChannel2_0
TestProcessEligibleChannel2_0,2GMX,TestProcessEligibleChannel2_0
TestProcessEligibleChannel2_0,H2D6,TestProcessEligibleChannel2_0
TestProcessEligibleChannel2_0,7W4V,TestProcessEligibleChannel2_0
TestProcessEligibleChannel2_0,A2PQ,TestProcessEligibleChannel2_0
TestProcessEligibleChannel2_0,9VLL,TestProcessEligibleChannel2_0
TestProcessEligibleChannel2_0,2CNA,TestProcessEligibleChannel2_0
TestProcessEligibleChannel2_0,WZGV,TestProcessEligibleChannel2_0
TestProcessEligibleChannel2_0,48MD,TestProcessEligibleChannel2_0
TestProcessEligibleChannel2_0,RDAB,TestProcessEligibleChannel2_0
TestProcessEligibleChannel2_0,F2G3,TestProcessEligibleChannel2_0
TestProcessEligibleChannel2_0,DYJZ,TestProcessEligibleChannel2_0
TestProcessEligibleChannel2_0,FYP4,TestProcessEligibleChannel2_0
TestProcessEligibleChannel2_0,CCGY,TestProcessEligibleChannel2_0
TestProcessEligibleChannel2_0,ZMGL,TestProcessEligibleChannel2_0
TestProcessEligibleChannel2_0,HE7H,TestProcessEligibleChannel2_0
TestProcessEligibleChannel2_0,ANJ4,TestProcessEligibleChannel2_0
TestProcessEligibleChannel2_0,AN2B,TestProcessEligibleChannel2_0
TestProcessEligibleChannel2_0,B8BQ,TestProcessEligibleChannel2_0
TestProcessEligibleChannel2_0,PFZ7,TestProcessEligibleChannel2_0
TestProcessEligibleChannel2_0,GH9R,TestProcessEligibleChannel2_0
TestProcessEligibleChannel2_0,6V9K,TestProcessEligibleChannel2_0
TestProcessEligibleChannel2_0,CJAM,TestProcessEligibleChannel2_0
TestProcessEligibleChannel2_0,CN6T,TestProcessEligibleChannel2_0
TestProcessEligibleChannel2_0,W6YE,TestProcessEligibleChannel2_0
TestProcessEligibleChannel2_0,VVEE,TestProcessEligibleChannel2_0
TestProcessEligibleChannel2_0,ETG3,TestProcessEligibleChannel2_0
TestProcessEligibleChannel2_0,B2GQ,TestProcessEligibleChannel2_0
TestProcessEligibleChannel2_0,CB4Z,TestProcessEligibleChannel2_0
TestProcessEligibleChannel2_0,W6Q6,TestProcessEligibleChannel2_0
TestProcessEligibleChannel2_0,WPZQ,TestProcessEligibleChannel2_0
TestProcessEligibleChannel2_0,749D,TestProcessEligibleChannel2_0
TestProcessEligibleChannel2_0,FV8V,TestProcessEligibleChannel2_0
TestProcessEligibleChannel2_0,VQE8,TestProcessEligibleChannel2_0
TestProcessEligibleChannel2_0,X4JT,TestProcessEligibleChannel2_0
TestProcessEligibleChannel2_0,W7DK,TestProcessEligibleChannel2_0
TestProcessEligibleChannel2_0,8PM6,TestProcessEligibleChannel2_0
TestProcessEligibleChannel2_0,LVGZ,TestProcessEligibleChannel2_0
TestProcessEligibleChannel2_0,MRTZ,TestProcessEligibleChannel2_0
TestProcessEligibleChannel2_0,MMPX,TestProcessEligibleChannel2_0
TestProcessEligibleChannel2_0,6QCF,TestProcessEligibleChannel2_0
TestProcessEligibleChannel2_0,LNP7,TestProcessEligibleChannel2_0
TestProcessEligibleChannel2_0,M2DV,TestProcessEligibleChannel2_0
TestProcessEligibleChannel2_0,PCGM,TestProcessEligibleChannel2_0
TestProcessEligibleChannel2_0,JXAQ,TestProcessEligibleChannel2_0
TestProcessEligibleChannel2_0,XKYZ,TestProcessEligibleChannel2_0
TestProcessEligibleChannel2_0,PAGG,TestProcessEligibleChannel2_0
TestProcessEligibleChannel2_0,MNAV,TestProcessEligibleChannel2_0
TestProcessEligibleChannel2_0,LVLK,TestProcessEligibleChannel2_0
TestProcessEligibleChannel2_0,PCWA,TestProcessEligibleChannel2_0
TestProcessEligibleChannel2_0,MTF8,TestProcessEligibleChannel2_0
TestProcessEligibleChannel2_0,LQ3A,TestProcessEligibleChannel2_0
TestProcessEligibleChannel2_0,88YY,TestProcessEligibleChannel2_0
TestProcessEligibleChannel2_0,PBRV,TestProcessEligibleChannel2_0
TestProcessEligibleChannel2_0,FYYJ,TestProcessEligibleChannel2_0
TestProcessEligibleChannel2_0,CTNF,TestProcessEligibleChannel2_0
TestProcessEligibleChannel2_0,449D,TestProcessEligibleChannel2_0
TestProcessEligibleChannel2_0,468R,TestProcessEligibleChannel2_0
TestProcessEligibleChannel2_0,PYAA,TestProcessEligibleChannel2_0
TestProcessEligibleChannel2_0,78H2,TestProcessEligibleChannel2_0
TestProcessEligibleChannel2_0,HTQR,TestProcessEligibleChannel2_0
TestProcessEligibleChannel2_0,TCN6,TestProcessEligibleChannel2_0
TestProcessEligibleChannel2_0,4EW9,TestProcessEligibleChannel2_0
TestProcessEligibleChannel2_0,4A46,TestProcessEligibleChannel2_0
TestProcessEligibleChannel2_0,GX8D,TestProcessEligibleChannel2_0
TestProcessEligibleChannel2_0,9ZAQ,TestProcessEligibleChannel2_0
TestProcessEligibleChannel2_0,RCZJ,TestProcessEligibleChannel2_0
TestProcessEligibleChannel2_0,D22W,TestProcessEligibleChannel2_0
TestProcessEligibleChannel2_0,8YPM,TestProcessEligibleChannel2_0
TestProcessEligibleChannel2_0,TRP9,TestProcessEligibleChannel2_0
TestProcessEligibleChannel2_0,ZF9L,TestProcessEligibleChannel2_0
TestProcessEligibleChannel2_0,MDDR,TestProcessEligibleChannel2_0
TestProcessEligibleChannel2_0,PMFA,TestProcessEligibleChannel2_0
TestProcessEligibleChannel2_0,GTZV,TestProcessEligibleChannel2_0
TestProcessEligibleChannel2_0,Z6EX,TestProcessEligibleChannel2_0
TestProcessEligibleChannel2_0,YVM4,TestProcessEligibleChannel2_0
TestProcessEligibleChannel2_0,4FLY,TestProcessEligibleChannel2_0
TestProcessEligibleChannel2_0,N2FM,TestProcessEligibleChannel2_0
TestProcessEligibleChannel2_0,9EFT,TestProcessEligibleChannel2_0
TestProcessEligibleChannel2_0,XGE4,TestProcessEligibleChannel2_0
TestProcessEligibleChannel2_0,HQ44,TestProcessEligibleChannel2_0
TestProcessEligibleChannel2_0,CANR,TestProcessEligibleChannel2_0
TestProcessEligibleChannel2_0,RW4E,TestProcessEligibleChannel2_0
TestProcessEligibleChannel2_0,8MHX,TestProcessEligibleChannel2_0
TestProcessEligibleChannel2_0,Y24D,TestProcessEligibleChannel2_0
TestProcessEligibleChannel2_0,V6QK,TestProcessEligibleChannel2_0
TestProcessEligibleChannel2_0,XMPY,TestProcessEligibleChannel2_0
TestProcessEligibleChannel2_0,ZTCG,TestProcessEligibleChannel2_0
TestProcessEligibleChannel2_0,Z4EB,TestProcessEligibleChannel2_0
TestProcessEligibleChannel2_0,3TCP,TestProcessEligibleChannel2_0
TestProcessEligibleChannel2_0,J2V8,TestProcessEligibleChannel2_0
TestProcessEligibleChannel2_0,VJP4,TestProcessEligibleChannel2_0
TestProcessEligibleChannel2_0,PG6Q,TestProcessEligibleChannel2_0
TestProcessEligibleChannel2_0,9XN3,TestProcessEligibleChannel2_0
TestProcessEligibleChannel2_0,9XRL,TestProcessEligibleChannel2_0
TestProcessEligibleChannel2_0,J9FT,TestProcessEligibleChannel2_0
TestProcessEligibleChannel2_0,GWBV,TestProcessEligibleChannel2_0
TestProcessEligibleChannel2_0,EHQZ,TestProcessEligibleChannel2_0
TestProcessEligibleChannel2_0,3FEE,TestProcessEligibleChannel2_0
TestProcessEligibleChannel2_0,2C9F,TestProcessEligibleChannel2_0
TestProcessEligibleChannel2_0,B6GV,TestProcessEligibleChannel2_0
TestProcessEligibleChannel2_0,RGKW,TestProcessEligibleChannel2_0
TestProcessEligibleChannel2_0,T3M4,TestProcessEligibleChannel2_0
TestProcessEligibleChannel2_0,FE7H,TestProcessEligibleChannel2_0
TestProcessEligibleChannel2_0,LAC3,TestProcessEligibleChannel2_0
TestProcessEligibleChannel2_0,AGTW,TestProcessEligibleChannel2_0
TestProcessEligibleChannel2_0,6ZCY,TestProcessEligibleChannel2_0
TestProcessEligibleChannel2_0,CX3V,TestProcessEligibleChannel2_0
TestProcessEligibleChannel2_0,Q9YJ,TestProcessEligibleChannel2_0
TestProcessEligibleChannel2_0,JDDB,TestProcessEligibleChannel2_0
TestProcessEligibleChannel2_0,8NBP,TestProcessEligibleChannel2_0
TestProcessEligibleChannel2_0,YE7M,TestProcessEligibleChannel2_0
TestProcessEligibleChannel2_0,3NYK,TestProcessEligibleChannel2_0
TestProcessEligibleChannel2_0,6W4N,TestProcessEligibleChannel2_0
TestProcessEligibleChannel2_0,XCNJ,TestProcessEligibleChannel2_0
TestProcessEligibleChannel2_0,CRCX,TestProcessEligibleChannel2_0
TestProcessEligibleChannel2_0,YG6P,TestProcessEligibleChannel2_0
TestProcessEligibleChannel2_0,RCE6,TestProcessEligibleChannel2_0
TestProcessEligibleChannel2_0,67HK,TestProcessEligibleChannel2_0
TestProcessEligibleChannel2_0,JP7N,TestProcessEligibleChannel2_0
TestProcessEligibleChannel2_0,RR8E,TestProcessEligibleChannel2_0
TestProcessEligibleChannel2_0,QRAH,TestProcessEligibleChannel2_0
TestProcessEligibleChannel2_0,HAZC,TestProcessEligibleChannel2_0
TestProcessEligibleChannel2_0,PDQ9,TestProcessEligibleChannel2_0
TestProcessEligibleChannel2_0,J6XR,TestProcessEligibleChannel2_0
TestProcessEligibleChannel2_0,KZNE,TestProcessEligibleChannel2_0
TestProcessEligibleChannel2_0,Y38G,TestProcessEligibleChannel2_0
TestProcessEligibleChannel2_0,2RWC,TestProcessEligibleChannel2_0
TestProcessEligibleChannel2_0,3RA2,TestProcessEligibleChannel2_0
TestProcessEligibleChannel2_0,46XC,TestProcessEligibleChannel2_0
TestProcessEligibleChannel2_0,EZA6,TestProcessEligibleChannel2_0
TestProcessEligibleChannel2_0,D7P2,TestProcessEligibleChannel2_0
TestProcessEligibleChannel2_0,HG8C,TestProcessEligibleChannel2_0
TestProcessEligibleChannel2_0,NRPD,TestProcessEligibleChannel2_0
TestProcessEligibleChannel2_0,JTNK,TestProcessEligibleChannel2_0
TestProcessEligibleChannel2_0,NCG6,TestProcessEligibleChannel2_0
TestProcessEligibleChannel2_0,B9D8,TestProcessEligibleChannel2_0
TestProcessEligibleChannel2_0,9MFH,TestProcessEligibleChannel2_0
TestProcessEligibleChannel2_0,6E8G,TestProcessEligibleChannel2_0
TestProcessEligibleChannel2_0,VQ8X,TestProcessEligibleChannel2_0
TestProcessEligibleChannel2_0,BLNL,TestProcessEligibleChannel2_0
TestProcessEligibleChannel2_0,TGLF,TestProcessEligibleChannel2_0
TestProcessEligibleChannel2_0,X426,TestProcessEligibleChannel2_0
TestProcessEligibleChannel2_0,3CRE,TestProcessEligibleChannel2_0
TestProcessEligibleChannel2_0,3DN9,TestProcessEligibleChannel2_0
TestProcessEligibleChannel2_0,NYAG,TestProcessEligibleChannel2_0
TestProcessEligibleChannel2_0,DXXT,TestProcessEligibleChannel2_0
TestProcessEligibleChannel2_0,HVAV,TestProcessEligibleChannel2_0
TestProcessEligibleChannel2_0,7X6J,TestProcessEligibleChannel2_0
TestProcessEligibleChannel2_0,CLLJ,TestProcessEligibleChannel2_0
TestProcessEligibleChannel2_0,PFBH,TestProcessEligibleChannel2_0
TestProcessEligibleChannel2_0,TE9L,TestProcessEligibleChannel2_0
TestProcessEligibleChannel2_0,YMLJ,TestProcessEligibleChannel2_0
TestProcessEligibleChannel2_0,P9JQ,TestProcessEligibleChannel2_0
TestProcessEligibleChannel2_0,FAX4,TestProcessEligibleChannel2_0
TestProcessEligibleChannel2_0,Y7A9,TestProcessEligibleChannel2_0
TestProcessEligibleChannel2_0,XHML,TestProcessEligibleChannel2_0
TestProcessEligibleChannel2_0,9QHC,TestProcessEligibleChannel2_0
TestProcessEligibleChannel2_0,2YY8,TestProcessEligibleChannel2_0
TestProcessEligibleChannel2_0,JFDV,TestProcessEligibleChannel2_0
TestProcessEligibleChannel2_0,2MGV,TestProcessEligibleChannel2_0
TestProcessEligibleChannel2_0,BE2T,TestProcessEligibleChannel2_0
TestProcessEligibleChannel2_0,6HX6,TestProcessEligibleChannel2_0
TestProcessEligibleChannel2_0,N8WE,TestProcessEligibleChannel2_0
TestProcessEligibleChannel2_0,Q4G6,TestProcessEligibleChannel2_0
TestProcessEligibleChannel2_0,R2NJ,TestProcessEligibleChannel2_0
TestProcessEligibleChannel2_0,Z2NK,TestProcessEligibleChannel2_0
TestProcessEligibleChannel2_0,MF6W,TestProcessEligibleChannel2_0
TestProcessEligibleChannel2_0,3XC9,TestProcessEligibleChannel2_0
TestProcessEligibleChannel2_0,747Z,TestProcessEligibleChannel2_0
TestProcessEligibleChannel2_0,3NJW,TestProcessEligibleChannel2_0
TestProcessEligibleChannel2_0,T2QF,TestProcessEligibleChannel2_0
TestProcessEligibleChannel2_0,NQN3,TestProcessEligibleChannel2_0
TestProcessEligibleChannel2_0,QTHL,TestProcessEligibleChannel2_0
TestProcessEligibleChannel2_0,G3BW,TestProcessEligibleChannel2_0
TestProcessEligibleChannel2_0,7R6R,TestProcessEligibleChannel2_0
TestProcessEligibleChannel2_0,79W9,TestProcessEligibleChannel2_0
TestProcessEligibleChannel2_0,PQ78,TestProcessEligibleChannel2_0
TestProcessEligibleChannel2_0,B72E,TestProcessEligibleChannel2_0
TestProcessEligibleChannel2_0,CPYV,TestProcessEligibleChannel2_0
TestProcessEligibleChannel2_0,446D,TestProcessEligibleChannel2_0
TestProcessEligibleChannel2_0,RN3P,TestProcessEligibleChannel2_0
TestProcessEligibleChannel2_0,PYY6,TestProcessEligibleChannel2_0
TestProcessEligibleChannel2_0,XLYQ,TestProcessEligibleChannel2_0
TestProcessEligibleChannel2_0,6XDL,TestProcessEligibleChannel2_0
TestProcessEligibleChannel2_0,8XVH,TestProcessEligibleChannel2_0
TestProcessEligibleChannel2_0,AJQ8,TestProcessEligibleChannel2_0
TestProcessEligibleChannel2_0,BX7W,TestProcessEligibleChannel2_0
TestProcessEligibleChannel2_0,W6VN,TestProcessEligibleChannel2_0
TestProcessEligibleChannel2_0,6AVE,TestProcessEligibleChannel2_0
TestProcessEligibleChannel2_0,THP8,TestProcessEligibleChannel2_0
TestProcessEligibleChannel2_0,9GD4,TestProcessEligibleChannel2_0
TestProcessEligibleChannel2_0,K9M8,TestProcessEligibleChannel2_0
TestProcessEligibleChannel2_0,XKDP,TestProcessEligibleChannel2_0
TestProcessEligibleChannel2_0,AQ2E,TestProcessEligibleChannel2_0
TestProcessEligibleChannel2_0,93B6,TestProcessEligibleChannel2_0
TestProcessEligibleChannel2_0,XPCV,TestProcessEligibleChannel2_0
TestProcessEligibleChannel2_0,ZN39,TestProcessEligibleChannel2_0
TestProcessEligibleChannel2_0,BKLN,TestProcessEligibleChannel2_0
TestProcessEligibleChannel2_0,C937,TestProcessEligibleChannel2_0
TestProcessEligibleChannel2_0,NGRL,TestProcessEligibleChannel2_0
TestProcessEligibleChannel2_0,CFA9,TestProcessEligibleChannel2_0
TestProcessEligibleChannel2_0,K46N,TestProcessEligibleChannel2_0
TestProcessEligibleChannel2_0,PEE6,TestProcessEligibleChannel2_0
TestProcessEligibleChannel2_0,PTQC,TestProcessEligibleChannel2_0
TestProcessEligibleChannel2_0,4G7M,TestProcessEligibleChannel2_0
TestProcessEligibleChannel2_0,LFG2,TestProcessEligibleChannel2_0
TestProcessEligibleChannel2_0,EBQM,TestProcessEligibleChannel2_0
TestProcessEligibleChannel2_0,8GQK,TestProcessEligibleChannel2_0
TestProcessEligibleChannel2_0,6A9J,TestProcessEligibleChannel2_0
TestProcessEligibleChannel2_0,FP9L,TestProcessEligibleChannel2_0
TestProcessEligibleChannel2_0,VTPQ,TestProcessEligibleChannel2_0
TestProcessEligibleChannel2_0,ZDNW,TestProcessEligibleChannel2_0
TestProcessEligibleChannel2_0,DWLR,TestProcessEligibleChannel2_0
TestProcessEligibleChannel2_0,LE7J,TestProcessEligibleChannel2_0
TestProcessEligibleChannel2_0,ZTDB,TestProcessEligibleChannel2_0
TestProcessEligibleChannel2_0,KQWC,TestProcessEligibleChannel2_0
TestProcessEligibleChannel2_0,JPH2,TestProcessEligibleChannel2_0
TestProcessEligibleChannel2_0,CFYX,TestProcessEligibleChannel2_0
TestProcessEligibleChannel2_0,6M9R,TestProcessEligibleChannel2_0
TestProcessEligibleChannel2_0,3JB4,TestProcessEligibleChannel2_0
TestProcessEligibleChannel2_0,2XJW,TestProcessEligibleChannel2_0
TestProcessEligibleChannel2_0,23WV,TestProcessEligibleChannel2_0
TestProcessEligibleChannel2_0,YB3W,TestProcessEligibleChannel2_0
TestProcessEligibleChannel2_0,646E,TestProcessEligibleChannel2_0
TestProcessEligibleChannel2_0,QEHQ,TestProcessEligibleChannel2_0
TestProcessEligibleChannel2_0,JRJ3,TestProcessEligibleChannel2_0
TestProcessEligibleChannel2_0,Z9RD,TestProcessEligibleChannel2_0
TestProcessEligibleChannel2_0,9B6J,TestProcessEligibleChannel2_0
TestProcessEligibleChannel2_0,4A9R,TestProcessEligibleChannel2_0
TestProcessEligibleChannel2_0,MNDA,TestProcessEligibleChannel2_0
TestProcessEligibleChannel2_0,PB6J,TestProcessEligibleChannel2_0
TestProcessEligibleChannel2_0,PPQW,TestProcessEligibleChannel2_0
TestProcessEligibleChannel2_0,44P7,TestProcessEligibleChannel2_0
TestProcessEligibleChannel2_0,WQMP,TestProcessEligibleChannel2_0
TestProcessEligibleChannel2_0,4RBJ,TestProcessEligibleChannel2_0
TestProcessEligibleChannel2_0,7LPM,TestProcessEligibleChannel2_0
TestProcessEligibleChannel2_0,R7XY,TestProcessEligibleChannel2_0
TestProcessEligibleChannel2_0,X3ZV,TestProcessEligibleChannel2_0
TestProcessEligibleChannel2_0,QXY7,TestProcessEligibleChannel2_0
TestProcessEligibleChannel2_0,64HH,TestProcessEligibleChannel2_0
TestProcessEligibleChannel2_0,K4QJ,TestProcessEligibleChannel2_0
TestProcessEligibleChannel2_0,NNGH,TestProcessEligibleChannel2_0
TestProcessEligibleChannel2_0,ZC2E,TestProcessEligibleChannel2_0
TestProcessEligibleChannel2_0,3P8F,TestProcessEligibleChannel2_0
TestProcessEligibleChannel2_0,JQEA,TestProcessEligibleChannel2_0
TestProcessEligibleChannel2_0,4LRQ,TestProcessEligibleChannel2_0
TestProcessEligibleChannel2_0,GRVV,TestProcessEligibleChannel2_0
TestProcessEligibleChannel2_0,MP7T,TestProcessEligibleChannel2_0
TestProcessEligibleChannel2_0,VNRE,TestProcessEligibleChannel2_0
TestProcessEligibleChannel2_0,AKXZ,TestProcessEligibleChannel2_0
TestProcessEligibleChannel2_0,AZ9E,TestProcessEligibleChannel2_0
TestProcessEligibleChannel2_0,6DE7,TestProcessEligibleChannel2_0
TestProcessEligibleChannel2_0,MFHC,TestProcessEligibleChannel2_0
TestProcessEligibleChannel2_0,WW96,TestProcessEligibleChannel2_0
TestProcessEligibleChannel2_0,2FKR,TestProcessEligibleChannel2_0
TestProcessEligibleChannel2_0,CGBT,TestProcessEligibleChannel2_0
TestProcessEligibleChannel2_0,433J,TestProcessEligibleChannel2_0
TestProcessEligibleChannel2_0,M3X8,TestProcessEligibleChannel2_0
TestProcessEligibleChannel2_0,HG74,TestProcessEligibleChannel2_0
TestProcessEligibleChannel2_0,MVXH,TestProcessEligibleChannel2_0
TestProcessEligibleChannel2_0,2GFR,TestProcessEligibleChannel2_0
TestProcessEligibleChannel2_0,NEAN,TestProcessEligibleChannel2_0
TestProcessEligibleChannel2_0,A2NV,TestProcessEligibleChannel2_0
TestProcessEligibleChannel2_0,8BKG,TestProcessEligibleChannel2_0
TestProcessEligibleChannel2_0,TZBP,TestProcessEligibleChannel2_0
TestProcessEligibleChannel2_0,GMYY,TestProcessEligibleChannel2_0
TestProcessEligibleChannel2_0,CY2X,TestProcessEligibleChannel2_0
TestProcessEligibleChannel2_0,74Q7,TestProcessEligibleChannel2_0
TestProcessEligibleChannel2_0,PXD8,TestProcessEligibleChannel2_0
TestProcessEligibleChannel2_0,THAB,TestProcessEligibleChannel2_0
TestProcessEligibleChannel2_0,B6EK,TestProcessEligibleChannel2_0
TestProcessEligibleChannel2_0,YAG2,TestProcessEligibleChannel2_0
TestProcessEligibleChannel2_0,896A,TestProcessEligibleChannel2_0
TestProcessEligibleChannel2_0,DJVH,TestProcessEligibleChannel2_0
TestProcessEligibleChannel2_0,HNEG,TestProcessEligibleChannel2_0
TestProcessEligibleChannel2_0,AC2N,TestProcessEligibleChannel2_0
TestProcessEligibleChannel2_0,7RLL,TestProcessEligibleChannel2_0
TestProcessEligibleChannel2_0,2EB6,TestProcessEligibleChannel2_0
TestProcessEligibleChannel2_0,WVA4,TestProcessEligibleChannel2_0
TestProcessEligibleChannel2_0,69AH,TestProcessEligibleChannel2_0
TestProcessEligibleChannel2_0,WDBN,TestProcessEligibleChannel2_0
TestProcessEligibleChannel2_0,2FJD,TestProcessEligibleChannel2_0
TestProcessEligibleChannel2_0,CF7M,TestProcessEligibleChannel2_0
TestProcessEligibleChannel2_0,YMTG,TestProcessEligibleChannel2_0
TestProcessEligibleChannel2_0,F2QP,TestProcessEligibleChannel2_0
TestProcessEligibleChannel2_0,E9D7,TestProcessEligibleChannel2_0
TestProcessEligibleChannel2_0,HFGL,TestProcessEligibleChannel2_0
TestProcessEligibleChannel2_0,VEGD,TestProcessEligibleChannel2_0
TestProcessEligibleChannel2_0,6ZTP,TestProcessEligibleChannel2_0
TestProcessEligibleChannel2_0,EBXD,TestProcessEligibleChannel2_0
TestProcessEligibleChannel2_0,R246,TestProcessEligibleChannel2_0
TestProcessEligibleChannel2_0,BCAX,TestProcessEligibleChannel2_0
TestProcessEligibleChannel2_0,DECQ,TestProcessEligibleChannel2_0
TestProcessEligibleChannel2_0,8CTB,TestProcessEligibleChannel2_0
TestProcessEligibleChannel2_0,WWVY,TestProcessEligibleChannel2_0
TestProcessEligibleChannel2_0,ATNG,TestProcessEligibleChannel2_0
TestProcessEligibleChannel2_0,GG43,TestProcessEligibleChannel2_0
TestProcessEligibleChannel2_0,BWDP,TestProcessEligibleChannel2_0
TestProcessEligibleChannel2_0,LZNC,TestProcessEligibleChannel2_0
TestProcessEligibleChannel2_0,L387,TestProcessEligibleChannel2_0
TestProcessEligibleChannel2_0,7V2F,TestProcessEligibleChannel2_0
TestProcessEligibleChannel2_0,MH93,TestProcessEligibleChannel2_0
TestProcessEligibleChannel2_0,XLFK,TestProcessEligibleChannel2_0
TestProcessEligibleChannel2_0,R8D3,TestProcessEligibleChannel2_0
TestProcessEligibleChannel2_0,JQ4Y,TestProcessEligibleChannel2_0
TestProcessEligibleChannel2_0,EJK3,TestProcessEligibleChannel2_0
TestProcessEligibleChannel2_0,N4DP,TestProcessEligibleChannel2_0
TestProcessEligibleChannel2_0,99XT,TestProcessEligibleChannel2_0
TestProcessEligibleChannel2_0,9PV4,TestProcessEligibleChannel2_0
TestProcessEligibleChannel2_0,C8HF,TestProcessEligibleChannel2_0
TestProcessEligibleChannel2_0,JY2R,TestProcessEligibleChannel2_0
TestProcessEligibleChannel2_0,Z9GL,TestProcessEligibleChannel2_0
TestProcessEligibleChannel2_0,9CCW,TestProcessEligibleChannel2_0
TestProcessEligibleChannel2_0,CBFM,TestProcessEligibleChannel2_0
TestProcessEligibleChannel2_0,QJRD,TestProcessEligibleChannel2_0
TestProcessEligibleChannel2_0,QPBQ,TestProcessEligibleChannel2_0
TestProcessEligibleChannel2_0,9KZV,TestProcessEligibleChannel2_0
TestProcessEligibleChannel2_0,9WJ7,TestProcessEligibleChannel2_0
TestProcessEligibleChannel2_0,WLEQ,TestProcessEligibleChannel2_0
TestProcessEligibleChannel2_0,H7CC,TestProcessEligibleChannel2_0
TestProcessEligibleChannel2_0,YJNE,TestProcessEligibleChannel2_0
TestProcessEligibleChannel2_0,DKP7,TestProcessEligibleChannel2_0
TestProcessEligibleChannel2_0,97H4,TestProcessEligibleChannel2_0
TestProcessEligibleChannel2_0,W6DB,TestProcessEligibleChannel2_0
TestProcessEligibleChannel2_0,LKHY,TestProcessEligibleChannel2_0
TestProcessEligibleChannel2_0,HF34,TestProcessEligibleChannel2_0
TestProcessEligibleChannel2_0,L3XX,TestProcessEligibleChannel2_0
TestProcessEligibleChannel2_0,E4F2,TestProcessEligibleChannel2_0
TestProcessEligibleChannel2_0,YYYT,TestProcessEligibleChannel2_0
TestProcessEligibleChannel2_0,BRTV,TestProcessEligibleChannel2_0
TestProcessEligibleChannel2_0,N8FE,TestProcessEligibleChannel2_0
TestProcessEligibleChannel2_0,7BQP,TestProcessEligibleChannel2_0
TestProcessEligibleChannel2_0,V8AY,TestProcessEligibleChannel2_0
TestProcessEligibleChannel2_0,2PY7,TestProcessEligibleChannel2_0
TestProcessEligibleChannel2_0,7F2G,TestProcessEligibleChannel2_0
TestProcessEligibleChannel2_0,TQQL,TestProcessEligibleChannel2_0
TestProcessEligibleChannel2_0,8CWM,TestProcessEligibleChannel2_0
TestProcessEligibleChannel2_0,3GJG,TestProcessEligibleChannel2_0
TestProcessEligibleChannel2_0,LMPP,TestProcessEligibleChannel2_0
TestProcessEligibleChannel2_0,48FM,TestProcessEligibleChannel2_0
TestProcessEligibleChannel2_0,EJV6,TestProcessEligibleChannel2_0
TestProcessEligibleChannel2_0,K6YC,TestProcessEligibleChannel2_0
TestProcessEligibleChannel2_0,HMCY,TestProcessEligibleChannel2_0
TestProcessEligibleChannel2_0,CJMC,TestProcessEligibleChannel2_0
TestProcessEligibleChannel2_0,VZE7,TestProcessEligibleChannel2_0
TestProcessEligibleChannel2_0,RR4X,TestProcessEligibleChannel2_0
TestProcessEligibleChannel2_0,AWX9,TestProcessEligibleChannel2_0
TestProcessEligibleChannel2_0,VFFD,TestProcessEligibleChannel2_0
TestProcessEligibleChannel2_0,TWKX,TestProcessEligibleChannel2_0
TestProcessEligibleChannel2_0,PFVY,TestProcessEligibleChannel2_0
TestProcessEligibleChannel2_0,DE92,TestProcessEligibleChannel2_0
TestProcessEligibleChannel2_0,9FKZ,TestProcessEligibleChannel2_0
TestProcessEligibleChannel2_0,BHLA,TestProcessEligibleChannel2_0
TestProcessEligibleChannel2_0,93PD,TestProcessEligibleChannel2_0
TestProcessEligibleChannel2_0,V4GF,TestProcessEligibleChannel2_0
TestProcessEligibleChannel2_0,KRCK,TestProcessEligibleChannel2_0
TestProcessEligibleChannel2_0,ZXTL,TestProcessEligibleChannel2_0
TestProcessEligibleChannel2_0,883F,TestProcessEligibleChannel2_0
TestProcessEligibleChannel2_0,7W7Z,TestProcessEligibleChannel2_0
TestProcessEligibleChannel2_0,BPTW,TestProcessEligibleChannel2_0
TestProcessEligibleChannel2_0,A3RB,TestProcessEligibleChannel2_0
TestProcessEligibleChannel2_0,FLNC,TestProcessEligibleChannel2_0
TestProcessEligibleChannel2_0,MTAF,TestProcessEligibleChannel2_0
TestProcessEligibleChannel2_0,QN6F,TestProcessEligibleChannel2_0
TestProcessEligibleChannel2_0,2GJB,TestProcessEligibleChannel2_0
TestProcessEligibleChannel2_0,JJBW,TestProcessEligibleChannel2_0
TestProcessEligibleChannel2_0,EBGN,TestProcessEligibleChannel2_0
TestProcessEligibleChannel2_0,H7VF,TestProcessEligibleChannel2_0
TestProcessEligibleChannel2_0,Y97V,TestProcessEligibleChannel2_0
TestProcessEligibleChannel2_0,6TLL,TestProcessEligibleChannel2_0
TestProcessEligibleChannel2_0,RTAT,TestProcessEligibleChannel2_0
TestProcessEligibleChannel2_0,4H7G,TestProcessEligibleChannel2_0
TestProcessEligibleChannel2_0,C2T8,TestProcessEligibleChannel2_0
TestProcessEligibleChannel2_0,M493,TestProcessEligibleChannel2_0
TestProcessEligibleChannel2_0,A49Y,TestProcessEligibleChannel2_0
TestProcessEligibleChannel2_0,7VEV,TestProcessEligibleChannel2_0
TestProcessEligibleChannel2_0,DKBP,TestProcessEligibleChannel2_0
TestProcessEligibleChannel2_0,HHTH,TestProcessEligibleChannel2_0
TestProcessEligibleChannel2_0,FCAP,TestProcessEligibleChannel2_0
TestProcessEligibleChannel2_0,6CAQ,TestProcessEligibleChannel2_0
TestProcessEligibleChannel2_0,RFQJ,TestProcessEligibleChannel2_0
TestProcessEligibleChannel2_0,ZET2,TestProcessEligibleChannel2_0
TestProcessEligibleChannel2_0,EDTM,TestProcessEligibleChannel2_0
TestProcessEligibleChannel2_0,ATTQ,TestProcessEligibleChannel2_0
TestProcessEligibleChannel2_0,KH9R,TestProcessEligibleChannel2_0
TestProcessEligibleChannel2_0,FCQA,TestProcessEligibleChannel2_0
TestProcessEligibleChannel2_0,X9MJ,TestProcessEligibleChannel2_0
TestProcessEligibleChannel2_0,JTTB,TestProcessEligibleChannel2_0
TestProcessEligibleChannel2_0,7T6H,TestProcessEligibleChannel2_0
TestProcessEligibleChannel2_0,WWLV,TestProcessEligibleChannel2_0
TestProcessEligibleChannel2_0,JHHC,TestProcessEligibleChannel2_0
TestProcessEligibleChannel2_0,2D4L,TestProcessEligibleChannel2_0
TestProcessEligibleChannel2_0,2F46,TestProcessEligibleChannel2_0
TestProcessEligibleChannel2_0,6GMM,TestProcessEligibleChannel2_0
TestProcessEligibleChannel2_0,3RJA,TestProcessEligibleChannel2_0
TestProcessEligibleChannel2_0,CZDW,TestProcessEligibleChannel2_0
TestProcessEligibleChannel2_0,7QR9,TestProcessEligibleChannel2_0
TestProcessEligibleChannel2_0,2T64,TestProcessEligibleChannel2_0
TestProcessEligibleChannel2_0,KXV6,TestProcessEligibleChannel2_0
TestProcessEligibleChannel2_0,R7HH,TestProcessEligibleChannel2_0
TestProcessEligibleChannel2_0,F492,TestProcessEligibleChannel2_0
TestProcessEligibleChannel2_0,RBZJ,TestProcessEligibleChannel2_0
TestProcessEligibleChannel2_0,PC9M,TestProcessEligibleChannel2_0
TestProcessEligibleChannel2_0,9QMY,TestProcessEligibleChannel2_0
TestProcessEligibleChannel2_0,4G9L,TestProcessEligibleChannel2_0
TestProcessEligibleChannel2_0,JGRT,TestProcessEligibleChannel2_0
TestProcessEligibleChannel2_0,7628,TestProcessEligibleChannel2_0
TestProcessEligibleChannel2_0,J6XG,TestProcessEligibleChannel2_0
TestProcessEligibleChannel2_0,DJC6,TestProcessEligibleChannel2_0
TestProcessEligibleChannel2_0,FWTH,TestProcessEligibleChannel2_0
TestProcessEligibleChannel2_0,ZGFB,TestProcessEligibleChannel2_0
TestProcessEligibleChannel2_0,339M,TestProcessEligibleChannel2_0
TestProcessEligibleChannel2_0,8EY9,TestProcessEligibleChannel2_0
TestProcessEligibleChannel2_0,8XWD,TestProcessEligibleChannel2_0
TestProcessEligibleChannel2_0,XYER,TestProcessEligibleChannel2_0
TestProcessEligibleChannel2_0,QB9T,TestProcessEligibleChannel2_0
TestProcessEligibleChannel2_0,9JLF,TestProcessEligibleChannel2_0
TestProcessEligibleChannel2_0,6CY8,TestProcessEligibleChannel2_0
TestProcessEligibleChannel2_0,LDG6,TestProcessEligibleChannel2_0
TestProcessEligibleChannel2_0,GH8Y,TestProcessEligibleChannel2_0
TestProcessEligibleChannel2_0,BM7J,TestProcessEligibleChannel2_0
TestProcessEligibleChannel2_0,A7DB,TestProcessEligibleChannel2_0
TestProcessEligibleChannel2_0,ZBJJ,TestProcessEligibleChannel2_0
TestProcessEligibleChannel2_0,J4LQ,TestProcessEligibleChannel2_0
TestProcessEligibleChannel2_0,KMPE,TestProcessEligibleChannel2_0
TestProcessEligibleChannel2_0,LPK6,TestProcessEligibleChannel2_0
TestProcessEligibleChannel2_0,VM7K,TestProcessEligibleChannel2_0
TestProcessEligibleChannel2_0,88T6,TestProcessEligibleChannel2_0
TestProcessEligibleChannel2_0,7BXD,TestProcessEligibleChannel2_0
TestProcessEligibleChannel2_0,EJQR,TestProcessEligibleChannel2_0
TestProcessEligibleChannel2_0,RZHW,TestProcessEligibleChannel2_0
TestProcessEligibleChannel2_0,ADEC,TestProcessEligibleChannel2_0
TestProcessEligibleChannel2_0,D433,TestProcessEligibleChannel2_0
TestProcessEligibleChannel2_0,PZHG,TestProcessEligibleChannel2_0
TestProcessEligibleChannel2_0,CQ2E,TestProcessEligibleChannel2_0
TestProcessEligibleChannel2_0,T7DX,TestProcessEligibleChannel2_0
TestProcessEligibleChannel2_0,KH86,TestProcessEligibleChannel2_0
TestProcessEligibleChannel2_0,VBNX,TestProcessEligibleChannel2_0
TestProcessEligibleChannel2_0,DE4B,TestProcessEligibleChannel2_0
TestProcessEligibleChannel2_0,EJRH,TestProcessEligibleChannel2_0
TestProcessEligibleChannel2_0,TPLP,TestProcessEligibleChannel2_0
TestProcessEligibleChannel2_0,4EYP,TestProcessEligibleChannel2_0
TestProcessEligibleChannel2_0,RAPC,TestProcessEligibleChannel2_0
TestProcessEligibleChannel2_0,RH3W,TestProcessEligibleChannel2_0
TestProcessEligibleChannel2_0,H6J3,TestProcessEligibleChannel2_0
TestProcessEligibleChannel2_0,BLG7,TestProcessEligibleChannel2_0
TestProcessEligibleChannel2_0,PZP4,TestProcessEligibleChannel2_0
TestProcessEligibleChannel2_0,MNZQ,TestProcessEligibleChannel2_0
TestProcessEligibleChannel2_0,JR69,TestProcessEligibleChannel2_0
TestProcessEligibleChannel2_0,6E42,TestProcessEligibleChannel2_0
TestProcessEligibleChannel2_0,6CGB,TestProcessEligibleChannel2_0
TestProcessEligibleChannel2_0,7CVB,TestProcessEligibleChannel2_0
TestProcessEligibleChannel2_0,W4EG,TestProcessEligibleChannel2_0
TestProcessEligibleChannel2_0,GJ2T,TestProcessEligibleChannel2_0
TestProcessEligibleChannel2_0,FJ86,TestProcessEligibleChannel2_0
TestProcessEligibleChannel2_0,TF7E,TestProcessEligibleChannel2_0
TestProcessEligibleChannel2_0,EVVL,TestProcessEligibleChannel2_0
TestProcessEligibleChannel2_0,49W3,TestProcessEligibleChannel2_0
TestProcessEligibleChannel2_0,NQCX,TestProcessEligibleChannel2_0
TestProcessEligibleChannel2_0,HXCE,TestProcessEligibleChannel2_0
TestProcessEligibleChannel2_0,BR7Q,TestProcessEligibleChannel2_0
TestProcessEligibleChannel2_0,27E6,TestProcessEligibleChannel2_0
TestProcessEligibleChannel2_0,Y9K7,TestProcessEligibleChannel2_0
TestProcessEligibleChannel2_0,Z29C,TestProcessEligibleChannel2_0
TestProcessEligibleChannel2_0,BLYX,TestProcessEligibleChannel2_0
TestProcessEligibleChannel2_0,DZ9H,TestProcessEligibleChannel2_0
TestProcessEligibleChannel2_0,F8M8,TestProcessEligibleChannel2_0
TestProcessEligibleChannel2_0,VMPV,TestProcessEligibleChannel2_0
TestProcessEligibleChannel2_0,3XPH,TestProcessEligibleChannel2_0
TestProcessEligibleChannel2_0,89R9,TestProcessEligibleChannel2_0
TestProcessEligibleChannel2_0,GQ3M,TestProcessEligibleChannel2_0
TestProcessEligibleChannel2_0,4KNG,TestProcessEligibleChannel2_0
TestProcessEligibleChannel2_0,VZHT,TestProcessEligibleChannel2_0
TestProcessEligibleChannel2_0,8GYT,TestProcessEligibleChannel2_0
TestProcessEligibleChannel2_0,LG29,TestProcessEligibleChannel2_0
TestProcessEligibleChannel2_0,3T2N,TestProcessEligibleChannel2_0
TestProcessEligibleChannel2_0,R92V,TestProcessEligibleChannel2_0
TestProcessEligibleChannel2_0,7BA7,TestProcessEligibleChannel2_0
TestProcessEligibleChannel2_0,8HYN,TestProcessEligibleChannel2_0
TestProcessEligibleChannel2_0,K6ZP,TestProcessEligibleChannel2_0
TestProcessEligibleChannel2_0,EKEC,TestProcessEligibleChannel2_0
TestProcessEligibleChannel2_0,6KKQ,TestProcessEligibleChannel2_0
TestProcessEligibleChannel2_0,TAD6,TestProcessEligibleChannel2_0
TestProcessEligibleChannel2_0,93YQ,TestProcessEligibleChannel2_0
TestProcessEligibleChannel2_0,Z9KT,TestProcessEligibleChannel2_0
TestProcessEligibleChannel2_0,T3YG,TestProcessEligibleChannel2_0
TestProcessEligibleChannel2_0,9TEV,TestProcessEligibleChannel2_0
TestProcessEligibleChannel2_0,ZPFQ,TestProcessEligibleChannel2_0
TestProcessEligibleChannel2_0,KGKE,TestProcessEligibleChannel2_0
TestProcessEligibleChannel2_0,3LKY,TestProcessEligibleChannel2_0
TestProcessEligibleChannel2_0,D92M,TestProcessEligibleChannel2_0
TestProcessEligibleChannel2_0,VW7L,TestProcessEligibleChannel2_0
TestProcessEligibleChannel2_0,WXMV,TestProcessEligibleChannel2_0
TestProcessEligibleChannel2_0,XZDG,TestProcessEligibleChannel2_0
TestProcessEligibleChannel2_0,KDBT,TestProcessEligibleChannel2_0
TestProcessEligibleChannel2_0,WNT6,TestProcessEligibleChannel2_0
TestProcessEligibleChannel2_0,Y9WG,TestProcessEligibleChannel2_0
TestProcessEligibleChannel2_0,K228,TestProcessEligibleChannel2_0
TestProcessEligibleChannel2_0,BXTA,TestProcessEligibleChannel2_0
TestProcessEligibleChannel2_0,XNWY,TestProcessEligibleChannel2_0
TestProcessEligibleChannel2_0,F2XV,TestProcessEligibleChannel2_0
TestProcessEligibleChannel2_0,4BQN,TestProcessEligibleChannel2_0
TestProcessEligibleChannel2_0,BTVF,TestProcessEligibleChannel2_0
TestProcessEligibleChannel2_0,DYKN,TestProcessEligibleChannel2_0
TestProcessEligibleChannel2_0,EB74,TestProcessEligibleChannel2_0
TestProcessEligibleChannel2_0,JMLJ,TestProcessEligibleChannel2_0
TestProcessEligibleChannel2_0,2XE4,TestProcessEligibleChannel2_0
TestProcessEligibleChannel2_0,B2RC,TestProcessEligibleChannel2_0
TestProcessEligibleChannel2_0,LH92,TestProcessEligibleChannel2_0
TestProcessEligibleChannel2_0,8NMB,TestProcessEligibleChannel2_0
TestProcessEligibleChannel2_0,9DAW,TestProcessEligibleChannel2_0
TestProcessEligibleChannel2_0,ZTCA,TestProcessEligibleChannel2_0
TestProcessEligibleChannel2_0,99FF,TestProcessEligibleChannel2_0
TestProcessEligibleChannel2_0,Q7TX,TestProcessEligibleChannel2_0
TestProcessEligibleChannel2_0,828Y,TestProcessEligibleChannel2_0
TestProcessEligibleChannel2_0,4DJQ,TestProcessEligibleChannel2_0
TestProcessEligibleChannel2_0,PX4E,TestProcessEligibleChannel2_0
TestProcessEligibleChannel2_0,2CF6,TestProcessEligibleChannel2_0
TestProcessEligibleChannel2_0,NWVQ,TestProcessEligibleChannel2_0
TestProcessEligibleChannel2_0,HYFY,TestProcessEligibleChannel2_0
TestProcessEligibleChannel2_0,2X7J,TestProcessEligibleChannel2_0
TestProcessEligibleChannel2_0,9DEN,TestProcessEligibleChannel2_0
TestProcessEligibleChannel2_0,NKC2,TestProcessEligibleChannel2_0
TestProcessEligibleChannel2_0,YYLH,TestProcessEligibleChannel2_0
TestProcessEligibleChannel2_0,87KL,TestProcessEligibleChannel2_0
TestProcessEligibleChannel2_0,6H7J,TestProcessEligibleChannel2_0
TestProcessEligibleChannel2_0,C9N4,TestProcessEligibleChannel2_0
TestProcessEligibleChannel2_0,63M7,TestProcessEligibleChannel2_0
TestProcessEligibleChannel2_0,HRGP,TestProcessEligibleChannel2_0
TestProcessEligibleChannel2_0,43T3,TestProcessEligibleChannel2_0
TestProcessEligibleChannel2_0,6MQL,TestProcessEligibleChannel2_0
TestProcessEligibleChannel2_0,EHCM,TestProcessEligibleChannel2_0
TestProcessEligibleChannel2_0,NPNN,TestProcessEligibleChannel2_0
TestProcessEligibleChannel2_0,7JDM,TestProcessEligibleChannel2_0
TestProcessEligibleChannel2_0,7BR7,TestProcessEligibleChannel2_0
TestProcessEligibleChannel2_0,FWKL,TestProcessEligibleChannel2_0
TestProcessEligibleChannel2_0,Q8VL,TestProcessEligibleChannel2_0
TestProcessEligibleChannel2_0,G7M9,TestProcessEligibleChannel2_0
TestProcessEligibleChannel2_0,ZBL6,TestProcessEligibleChannel2_0
TestProcessEligibleChannel2_0,E6T3,TestProcessEligibleChannel2_0
TestProcessEligibleChannel2_0,E6G7,TestProcessEligibleChannel2_0
TestProcessEligibleChannel2_0,VGX6,TestProcessEligibleChannel2_0
TestProcessEligibleChannel2_0,97YV,TestProcessEligibleChannel2_0
TestProcessEligibleChannel2_0,N6H4,TestProcessEligibleChannel2_0
TestProcessEligibleChannel2_0,WCJP,TestProcessEligibleChannel2_0
TestProcessEligibleChannel2_0,WLJL,TestProcessEligibleChannel2_0
TestProcessEligibleChannel2_0,FMGM,TestProcessEligibleChannel2_0
TestProcessEligibleChannel2_0,JF24,TestProcessEligibleChannel2_0
TestProcessEligibleChannel2_0,KA42,TestProcessEligibleChannel2_0
TestProcessEligibleChannel2_0,WFQZ,TestProcessEligibleChannel2_0
TestProcessEligibleChannel2_0,GRD8,TestProcessEligibleChannel2_0
TestProcessEligibleChannel2_0,2JJP,TestProcessEligibleChannel2_0
TestProcessEligibleChannel2_0,ZQLY,TestProcessEligibleChannel2_0
TestProcessEligibleChannel2_0,YJZX,TestProcessEligibleChannel2_0
TestProcessEligibleChannel2_0,3QQK,TestProcessEligibleChannel2_0
TestProcessEligibleChannel2_0,YCFM,TestProcessEligibleChannel2_0
TestProcessEligibleChannel2_0,A69A,TestProcessEligibleChannel2_0
TestProcessEligibleChannel2_0,YJ7L,TestProcessEligibleChannel2_0
TestProcessEligibleChannel2_0,BP4Q,TestProcessEligibleChannel2_0
TestProcessEligibleChannel2_0,MHDD,TestProcessEligibleChannel2_0
TestProcessEligibleChannel2_0,YKWL,TestProcessEligibleChannel2_0
TestProcessEligibleChannel2_0,KTGX,TestProcessEligibleChannel2_0
TestProcessEligibleChannel2_0,TXME,TestProcessEligibleChannel2_0
TestProcessEligibleChannel2_0,NAG8,TestProcessEligibleChannel2_0
TestProcessEligibleChannel2_0,4X36,TestProcessEligibleChannel2_0
TestProcessEligibleChannel2_0,EGVL,TestProcessEligibleChannel2_0
TestProcessEligibleChannel2_0,C9QG,TestProcessEligibleChannel2_0
TestProcessEligibleChannel2_0,XNZR,TestProcessEligibleChannel2_0
TestProcessEligibleChannel2_0,J9P9,TestProcessEligibleChannel2_0
TestProcessEligibleChannel2_0,WT9K,TestProcessEligibleChannel2_0
TestProcessEligibleChannel2_0,866H,TestProcessEligibleChannel2_0
TestProcessEligibleChannel2_0,3EBV,TestProcessEligibleChannel2_0
TestProcessEligibleChannel2_0,WWVN,TestProcessEligibleChannel2_0
TestProcessEligibleChannel2_0,QREM,TestProcessEligibleChannel2_0
TestProcessEligibleChannel2_0,W2H7,TestProcessEligibleChannel2_0
TestProcessEligibleChannel2_0,GQZX,TestProcessEligibleChannel2_0
TestProcessEligibleChannel2_0,AWCC,TestProcessEligibleChannel2_0
TestProcessEligibleChannel2_0,MA4A,TestProcessEligibleChannel2_0
TestProcessEligibleChannel2_0,LG82,TestProcessEligibleChannel2_0
TestProcessEligibleChannel2_0,E7XY,TestProcessEligibleChannel2_0
TestProcessEligibleChannel2_0,A2L6,TestProcessEligibleChannel2_0
TestProcessEligibleChannel2_0,89KW,TestProcessEligibleChannel2_0
TestProcessEligibleChannel2_0,7RJ3,TestProcessEligibleChannel2_0
TestProcessEligibleChannel2_0,DH7E,TestProcessEligibleChannel2_0
TestProcessEligibleChannel2_0,J449,TestProcessEligibleChannel2_0
TestProcessEligibleChannel2_0,E4XB,TestProcessEligibleChannel2_0
TestProcessEligibleChannel2_0,P4ZA,TestProcessEligibleChannel2_0
TestProcessEligibleChannel2_0,D3TP,TestProcessEligibleChannel2_0
TestProcessEligibleChannel2_0,RRKV,TestProcessEligibleChannel2_0
TestProcessEligibleChannel2_0,CBDF,TestProcessEligibleChannel2_0
TestProcessEligibleChannel2_0,YXVT,TestProcessEligibleChannel2_0
TestProcessEligibleChannel2_0,VHQL,TestProcessEligibleChannel2_0
TestProcessEligibleChannel2_0,7M2Z,TestProcessEligibleChannel2_0
TestProcessEligibleChannel2_0,GZQF,TestProcessEligibleChannel2_0
TestProcessEligibleChannel2_0,CKEL,TestProcessEligibleChannel2_0
TestProcessEligibleChannel2_0,ZG6G,TestProcessEligibleChannel2_0
TestProcessEligibleChannel2_0,DYX8,TestProcessEligibleChannel2_0
TestProcessEligibleChannel2_0,86VZ,TestProcessEligibleChannel2_0
TestProcessEligibleChannel2_0,G42Q,TestProcessEligibleChannel2_0
TestProcessEligibleChannel2_0,XTR3,TestProcessEligibleChannel2_0
TestProcessEligibleChannel2_0,FYX7,TestProcessEligibleChannel2_0
TestProcessEligibleChannel2_0,LHGD,TestProcessEligibleChannel2_0
TestProcessEligibleChannel2_0,HF7L,TestProcessEligibleChannel2_0
TestProcessEligibleChannel2_0,TBQG,TestProcessEligibleChannel2_0
TestProcessEligibleChannel2_0,HWBN,TestProcessEligibleChannel2_0
TestProcessEligibleChannel2_0,ZKCH,TestProcessEligibleChannel2_0
TestProcessEligibleChannel2_0,K2CW,TestProcessEligibleChannel2_0
TestProcessEligibleChannel2_0,XFBZ,TestProcessEligibleChannel2_0
TestProcessEligibleChannel2_0,2QG6,TestProcessEligibleChannel2_0
TestProcessEligibleChannel2_0,BRWX,TestProcessEligibleChannel2_0
TestProcessEligibleChannel2_0,NF6N,TestProcessEligibleChannel2_0
TestProcessEligibleChannel2_0,G2X9,TestProcessEligibleChannel2_0
TestProcessEligibleChannel2_0,VH4F,TestProcessEligibleChannel2_0
TestProcessEligibleChannel2_0,WFRC,TestProcessEligibleChannel2_0
TestProcessEligibleChannel2_0,YTGJ,TestProcessEligibleChannel2_0
TestProcessEligibleChannel2_0,24HZ,TestProcessEligibleChannel2_0
TestProcessEligibleChannel2_0,4Q87,TestProcessEligibleChannel2_0
TestProcessEligibleChannel2_0,KJYF,TestProcessEligibleChannel2_0
TestProcessEligibleChannel2_0,CR7K,TestProcessEligibleChannel2_0
TestProcessEligibleChannel2_0,NBBF,TestProcessEligibleChannel2_0
TestProcessEligibleChannel2_0,GTWV,TestProcessEligibleChannel2_0
TestProcessEligibleChannel2_0,LHF6,TestProcessEligibleChannel2_0
TestProcessEligibleChannel2_0,LZVC,TestProcessEligibleChannel2_0
TestProcessEligibleChannel2_0,YWVL,TestProcessEligibleChannel2_0
TestProcessEligibleChannel2_0,VVQ9,TestProcessEligibleChannel2_0
TestProcessEligibleChannel2_0,FRPR,TestProcessEligibleChannel2_0
TestProcessEligibleChannel2_0,73JM,TestProcessEligibleChannel2_0
TestProcessEligibleChannel2_0,4RAQ,TestProcessEligibleChannel2_0
TestProcessEligibleChannel2_0,GA4D,TestProcessEligibleChannel2_0
TestProcessEligibleChannel2_0,B84Y,TestProcessEligibleChannel2_0
TestProcessEligibleChannel2_0,QFW7,TestProcessEligibleChannel2_0
TestProcessEligibleChannel2_0,8L4X,TestProcessEligibleChannel2_0
TestProcessEligibleChannel2_0,YQBP,TestProcessEligibleChannel2_0
TestProcessEligibleChannel2_0,89TZ,TestProcessEligibleChannel2_0
TestProcessEligibleChannel2_0,H7E7,TestProcessEligibleChannel2_0
TestProcessEligibleChannel2_0,RAW9,TestProcessEligibleChannel2_0
TestProcessEligibleChannel2_0,GFED,TestProcessEligibleChannel2_0
TestProcessEligibleChannel2_0,4XXX,TestProcessEligibleChannel2_0
TestProcessEligibleChannel2_0,EFXQ,TestProcessEligibleChannel2_0
TestProcessEligibleChannel2_0,PBBM,TestProcessEligibleChannel2_0
TestProcessEligibleChannel2_0,P9WV,TestProcessEligibleChannel2_0
TestProcessEligibleChannel2_0,K4TG,TestProcessEligibleChannel2_0
TestProcessEligibleChannel2_0,X3RG,TestProcessEligibleChannel2_0
TestProcessEligibleChannel2_0,H7XE,TestProcessEligibleChannel2_0
TestProcessEligibleChannel2_0,NAGY,TestProcessEligibleChannel2_0
TestProcessEligibleChannel2_0,WMKC,TestProcessEligibleChannel2_0
TestProcessEligibleChannel2_0,YZZE,TestProcessEligibleChannel2_0
TestProcessEligibleChannel2_0,M3K4,TestProcessEligibleChannel2_0
TestProcessEligibleChannel2_0,QJQG,TestProcessEligibleChannel2_0
TestProcessEligibleChannel2_0,D6RA,TestProcessEligibleChannel2_0
TestProcessEligibleChannel2_0,4VW3,TestProcessEligibleChannel2_0
TestProcessEligibleChannel2_0,GER9,TestProcessEligibleChannel2_0
TestProcessEligibleChannel2_0,FCR6,TestProcessEligibleChannel2_0
TestProcessEligibleChannel2_0,K7N9,TestProcessEligibleChannel2_0
TestProcessEligibleChannel2_0,4ERR,TestProcessEligibleChannel2_0
TestProcessEligibleChannel2_0,DTV6,TestProcessEligibleChannel2_0
TestProcessEligibleChannel2_0,Y6RP,TestProcessEligibleChannel2_0
TestProcessEligibleChannel2_0,MZ6G,TestProcessEligibleChannel2_0
TestProcessEligibleChannel2_0,NH7B,TestProcessEligibleChannel2_0
TestProcessEligibleChannel2_0,TFPF,TestProcessEligibleChannel2_0
TestProcessEligibleChannel2_0,X8AJ,TestProcessEligibleChannel2_0
TestProcessEligibleChannel2_0,8VXT,TestProcessEligibleChannel2_0
TestProcessEligibleChannel2_0,LKCZ,TestProcessEligibleChannel2_0
TestProcessEligibleChannel2_0,DPEV,TestProcessEligibleChannel2_0
TestProcessEligibleChannel2_0,BDDC,TestProcessEligibleChannel2_0
TestProcessEligibleChannel2_0,CDGC,TestProcessEligibleChannel2_0
TestProcessEligibleChannel2_0,6QQP,TestProcessEligibleChannel2_0
TestProcessEligibleChannel2_0,WKFP,TestProcessEligibleChannel2_0
TestProcessEligibleChannel2_0,3QL8,TestProcessEligibleChannel2_0
TestProcessEligibleChannel2_0,GXR9,TestProcessEligibleChannel2_0
TestProcessEligibleChannel2_0,BWXT,TestProcessEligibleChannel2_0
TestProcessEligibleChannel2_0,G4VF,TestProcessEligibleChannel2_0
TestProcessEligibleChannel2_0,CDET,TestProcessEligibleChannel2_0
TestProcessEligibleChannel2_0,TYMX,TestProcessEligibleChannel2_0
TestProcessEligibleChannel2_0,DZ33,TestProcessEligibleChannel2_0
TestProcessEligibleChannel2_0,29WJ,TestProcessEligibleChannel2_0
TestProcessEligibleChannel2_0,T2Y6,TestProcessEligibleChannel2_0
TestProcessEligibleChannel2_0,L9BV,TestProcessEligibleChannel2_0
TestProcessEligibleChannel2_0,QVAJ,TestProcessEligibleChannel2_0
TestProcessEligibleChannel2_0,GBYT,TestProcessEligibleChannel2_0
TestProcessEligibleChannel2_0,PYHE,TestProcessEligibleChannel2_0
TestProcessEligibleChannel2_0,YZTR,TestProcessEligibleChannel2_0
TestProcessEligibleChannel2_0,73FD,TestProcessEligibleChannel2_0
TestProcessEligibleChannel2_0,6RVD,TestProcessEligibleChannel2_0
TestProcessEligibleChannel2_0,CT4A,TestProcessEligibleChannel2_0
TestProcessEligibleChannel2_0,NFLV,TestProcessEligibleChannel2_0
TestProcessEligibleChannel2_0,NYPW,TestProcessEligibleChannel2_0
TestProcessEligibleChannel2_0,KHQJ,TestProcessEligibleChannel2_0
TestProcessEligibleChannel2_0,CYDJ,TestProcessEligibleChannel2_0
TestProcessEligibleChannel2_0,DLH7,TestProcessEligibleChannel2_0
TestProcessEligibleChannel2_0,A7PA,TestProcessEligibleChannel2_0
TestProcessEligibleChannel2_0,P7NZ,TestProcessEligibleChannel2_0
TestProcessEligibleChannel2_0,6383,TestProcessEligibleChannel2_0
TestProcessEligibleChannel2_0,RGLT,TestProcessEligibleChannel2_0
TestProcessEligibleChannel2_0,33CC,TestProcessEligibleChannel2_0
TestProcessEligibleChannel2_0,BDH2,TestProcessEligibleChannel2_0
TestProcessEligibleChannel2_0,2KGH,TestProcessEligibleChannel2_0
TestProcessEligibleChannel2_0,GT7M,TestProcessEligibleChannel2_0
TestProcessEligibleChannel2_0,LXGC,TestProcessEligibleChannel2_0
TestProcessEligibleChannel2_0,77EA,TestProcessEligibleChannel2_0
TestProcessEligibleChannel2_0,R3NE,TestProcessEligibleChannel2_0
TestProcessEligibleChannel2_0,R4CV,TestProcessEligibleChannel2_0
TestProcessEligibleChannel2_0,PGGQ,TestProcessEligibleChannel2_0
TestProcessEligibleChannel2_0,NKLQ,TestProcessEligibleChannel2_0
TestProcessEligibleChannel2_0,FQJG,TestProcessEligibleChannel2_0
